﻿<?xml version="1.0"?>
<manifest identifier="LIM" version="1.1"
 xmlns="http://www.imsproject.org/xsd/imscp_rootv1p1p2" 
 xmlns:adlcp="http://www.adlnet.org/xsd/adlcp_rootv1p2"
 xmlns:xsi="http://www.w3.org/2001/XMLSchema-instance" 
 xsi:schemaLocation="http://www.imsproject.org/xsd/imscp_rootv1p1p2     imscp_rootv1p1p2.xsd 
 http://www.adlnet.org/xsd/adlcp_rootv1p2 adlcp_rootv1p2.xsd">	
 <metadata>
 <schema>ADL SCORM</schema>
 <schemaversion>1.2</schemaversion>
  
 </metadata>
  <organizations default="TOC1">
    <organization identifier="TOC1">
      <title>LIM</title>
      <item identifier="ITEM1" identifierref="RESOURCE1">
        <title>OPERACIONES ARITMÉTICAS BÁSICAS</title>
      </item>
    </organization>
  </organizations>
  <resources>
       	<resource identifier="RESOURCE1" type="webcontent" adlcp:scormtype="sco" href="operaciones_basicas.html">
      <metadata>
        <schema>ADL SCORM</schema>
        <schemaversion>1.2</schemaversion>
      </metadata>
	 <file href="Recursos/-.png" />
<file href="Recursos/1939.jpg" />
<file href="Recursos/APRENDAMOS_A_DIVIDIR.png" />
<file href="Recursos/APRENDAMOS_A_MULTILICAR.png" />
<file href="Recursos/APRENDAMOS_A_RESTAR.png" />
<file href="Recursos/APRENDAMOS_A_SUMAR_copia.png" />
<file href="Recursos/descarga.png" />
<file href="Recursos/div.jpg" />
<file href="Recursos/edilim_10_(enhanced).mp3" />
<file href="Recursos/edilim_11_(enhanced).mp3" />
<file href="Recursos/edilim_12_(enhanced).mp3" />
<file href="Recursos/edilim_13_(enhanced).mp3" />
<file href="Recursos/edilim_14_(enhanced).mp3" />
<file href="Recursos/edilim_15_(enhanced).mp3" />
<file href="Recursos/edilim_16_(enhanced).mp3" />
<file href="Recursos/edilim_17_(enhanced).mp3" />
<file href="Recursos/edilim_18_(enhanced).mp3" />
<file href="Recursos/edilim_19_(enhanced).mp3" />
<file href="Recursos/edilim_2_(enhanced).mp3" />
<file href="Recursos/edilim_20_(enhanced).mp3" />
<file href="Recursos/edilim_21_(enhanced).mp3" />
<file href="Recursos/edilim_22_(enhanced).mp3" />
<file href="Recursos/edilim_23_(enhanced).mp3" />
<file href="Recursos/edilim_24_(enhanced).mp3" />
<file href="Recursos/edilim_25_(enhanced).mp3" />
<file href="Recursos/edilim_4_(enhanced).mp3" />
<file href="Recursos/edilim_5_(enhanced).mp3" />
<file href="Recursos/edilim_7_(enhanced).mp3" />
<file href="Recursos/edilim_8_(enhanced).mp3" />
<file href="Recursos/edilim_9_(enhanced).mp3" />
<file href="Recursos/edilim1_(enhanced).mp3" />
<file href="Recursos/edilim3_(enhanced).mp3" />
<file href="Recursos/edilim6_(enhanced).mp3" />
<file href="Recursos/Feeling-Good.mp3" />
<file href="Recursos/ff.jpg" />
<file href="Recursos/FONDO_DE_MULTIPLICACION.png" />
<file href="Recursos/gracias.jpg" />
<file href="Recursos/la_division.png" />
<file href="Recursos/la_multiplicacion.png" />
<file href="Recursos/la_resta.jpg" />
<file href="Recursos/la_suma.png" />
<file href="Recursos/MATEMATICAS.jpg" />
<file href="Recursos/multiplicacion.png" />
<file href="Recursos/S.png" />
<file href="Recursos/t1.png" />
<file href="Recursos/t10.png" />
<file href="Recursos/t11.png" />
<file href="Recursos/t12.png" />
<file href="Recursos/t2.png" />
<file href="Recursos/t3.png" />
<file href="Recursos/t4.png" />
<file href="Recursos/t5.png" />
<file href="Recursos/t6.png" />
<file href="Recursos/t7.png" />
<file href="Recursos/t8.png" />
<file href="Recursos/t9.png" />
<file href="operaciones_basicas.html" />
<file href="html.tlm" />
<file href="sclim/ad.png" />
<file href="sclim/am.png" />
<file href="sclim/at.png" />
<file href="sclim/av.mp3" />
<file href="sclim/av.ogg" />
<file href="sclim/ben.mp3" />
<file href="sclim/ben.ogg" />
<file href="sclim/c.png" />
<file href="sclim/Escolar8.ttf" />
<file href="sclim/in.png" />
<file href="sclim/l.png" />
<file href="sclim/lang.js" />
<file href="sclim/lim-px.css" />
<file href="sclim/lim.css" />
<file href="sclim/limjs.js" />
<file href="sclim/mal.mp3" />
<file href="sclim/mal.ogg" />
<file href="sclim/p.png" />
<file href="sclim/pre.gif" />
<file href="operaciones_basicas.lim" />
<file href="scormlim.js" />
	
    </resource>
  </resources>
</manifest>
